Id,salario,grau_escolaridade,idade,experiência,estado_civil
3000,2270.4435780853805,fund. incompleto,27,8.9456831231447,separado
3001,5570.88358117495,pós-graduação,59,37.95630063795301,divorciado
3002,3843.375099533145,médio incompleto,31,12.887409415068209,viúvo
3003,1301.0251805116488,fund. incompleto,24,2.8793520203256673,divorciado
3004,6887.454680316501,superior incompleto,42,20.174002767012873,união estável informal
3005,3344.888311642909,médio completo,28,9.31656046747351,união estável informal
3006,4859.905894427147,pós-graduação,61,42.87774497912505,divorciado
3007,5196.555769903379,médio completo,55,31.962661468127774,casado
3008,2484.6606636803285,médio completo,23,4.091515490613516,viúvo
3009,3890.521913934006,médio completo,58,28.856836597696844,união estável informal
3010,1709.471984818874,médio completo,33,9.731537207047294,solteiro
3011,3646.531577336245,superior completo,32,13.998975476877655,união estável informal
3012,4672.653711841439,superior incompleto,39,19.867611486161135,união estável formal
3013,2900.2551210572738,fund. incompleto,18,0.0,solteiro
3014,4038.794891906552,pós-graduação,53,34.82654871788197,casado
3015,4563.093081346565,pós-graduação,51,31.896015372471982,união estável informal
3016,3803.1591529703283,superior incompleto,32,13.998796183408285,união estável informal
3017,2806.7441300277906,médio incompleto,24,5.407782748727052,viúvo
3018,7845.600728647209,superior completo,42,20.744316657336952,união estável informal
3019,2273.3083090241785,fund. incompleto,21,2.648772510122801,união estável formal
3020,4256.344163353321,fund. completo,22,3.9885506989219213,viúvo
3021,11893.67114558605,pós-graduação,55,36.95610054562779,união estável formal
3022,3521.864903214571,fund. incompleto,58,22.498815502435594,união estável formal
3023,4593.456204885762,médio completo,49,17.980610197379885,separado
3024,5290.155953523375,pós-graduação,45,26.292906575073587,solteiro
3025,4215.120537442917,superior incompleto,68,34.276461022420484,divorciado
3026,2398.375345403388,fund. completo,59,6.781137547075835,solteiro
3027,3453.785321441312,médio incompleto,21,1.2280794098368726,solteiro
3028,4321.594042481526,pós-graduação,52,33.12341853795524,casado
3029,5230.255788941529,médio completo,59,40.90303965492465,solteiro
3030,2715.9453876412294,superior incompleto,31,12.998252319186058,união estável formal
3031,4733.6925758400575,pós-graduação,67,42.736959545880275,união estável informal
3032,5239.670752195397,fund. completo,35,15.371733035035962,casado
3033,3301.8321623985976,fund. completo,60,24.200446842401007,divorciado
3034,6376.200147052286,médio completo,58,21.855543994266547,solteiro
3035,5906.467807839077,superior incompleto,63,44.98457905190157,divorciado
3036,1283.6249706807275,fund. completo,28,0.8327990951415887,união estável informal
3037,3976.5537686141433,médio incompleto,56,37.348057756109576,união estável formal
3038,5334.601240311258,pós-graduação,60,39.80102388549988,separado
3039,3881.1812795817823,médio incompleto,21,2.425833573196781,união estável informal
3040,6372.103810200414,superior incompleto,45,26.998485153234288,união estável informal
3041,2992.1543817688707,superior incompleto,33,9.565642310006664,solteiro
3042,3981.8313565262097,fund. incompleto,68,49.64499935512245,casado
3043,2282.8482840055885,fund. completo,52,7.782842683677109,solteiro
3044,10992.293070007956,pós-graduação,54,35.459229904302575,solteiro
3045,5056.398514947744,pós-graduação,60,39.03469279806359,viúvo
3046,4236.827392824138,pós-graduação,57,38.55975102507991,separado
3047,3755.8122947186075,pós-graduação,68,36.51449066673349,viúvo
3048,4922.3984837895205,superior completo,62,41.63668054734296,separado
3049,2908.5854775562116,médio incompleto,38,19.726360910767415,solteiro
3050,4628.006053134878,superior completo,43,9.973912239763205,solteiro
3051,2456.413828467585,superior incompleto,29,7.179176876577218,viúvo
3052,5095.697398596296,superior incompleto,62,39.3835457797053,viúvo
3053,14356.340601791135,médio incompleto,35,16.602577293491034,casado
3054,4307.604300351749,fund. incompleto,23,1.6813815877024052,divorciado
3055,6030.51521445191,superior incompleto,37,17.598514530006238,união estável informal
3056,5487.9353847907505,médio completo,25,6.29438463447402,casado
3057,6983.008106448569,médio incompleto,22,3.9716915366865426,união estável formal
3058,2993.7447954993013,superior incompleto,49,13.022241899685573,separado
3059,5068.643732666138,pós-graduação,47,24.177622800058256,união estável formal
3060,3150.4066905911654,pós-graduação,60,30.094638017268334,união estável formal
3061,4781.439371512703,médio incompleto,68,46.32680804877508,casado
3062,5001.08116923791,pós-graduação,45,26.99980355129988,viúvo
3063,5758.754117403161,superior incompleto,50,31.13157034829514,união estável formal
3064,4052.8830863753205,fund. completo,61,42.999620137691515,divorciado
3065,5986.542326622648,médio completo,59,40.99890089203138,divorciado
3066,2058.5640815790057,superior incompleto,36,0.7911810025381318,solteiro
3067,5208.485948300775,pós-graduação,47,28.975334473697657,união estável formal
3068,5560.621314623209,fund. completo,31,11.807484618069713,solteiro
3069,6628.037950498607,pós-graduação,68,20.50012256793623,divorciado
3070,4800.277612536642,pós-graduação,62,40.7038941055459,solteiro
3071,2371.590591021426,fund. completo,27,8.861470002811926,união estável formal
3072,3604.4699246578853,médio completo,26,7.432329946312742,separado
3073,7825.327109681981,fund. completo,43,11.018752891373563,viúvo
3074,7658.346069403073,médio incompleto,51,32.997014589453094,divorciado
3075,2425.0460819887485,fund. incompleto,35,15.014895332825024,viúvo
3076,8101.14147529332,superior completo,67,48.644958447506625,união estável informal
3077,4535.988735139847,médio completo,65,46.98971067378844,união estável informal
3078,1817.376588425056,fund. incompleto,34,8.243801632041896,união estável informal
3079,15463.037405629664,pós-graduação,67,48.99985115707654,casado
3080,2995.234033362904,fund. completo,25,6.499838455103175,união estável formal
3081,6236.961742118435,superior incompleto,48,25.130188473768015,união estável formal
3082,10180.657627967048,fund. completo,34,15.91732344440622,separado
3083,3020.1696577472294,superior incompleto,40,5.991029725368323,união estável formal
3084,4450.499125789309,superior completo,55,34.474463095532236,união estável formal
3085,14655.693388930797,médio completo,27,8.945650004002939,solteiro
3086,3973.058821500123,médio completo,64,35.49818588670301,separado
3087,2109.582947560028,fund. incompleto,30,8.862394373448094,solteiro
3088,6112.353198946987,superior completo,42,22.590843967241046,viúvo
3089,3290.303385908222,pós-graduação,40,21.99931444051366,viúvo
3090,9219.676061212487,superior incompleto,32,9.944867492767099,viúvo
3091,7807.749312980306,fund. completo,63,44.39512557123231,viúvo
3092,6988.0385251581665,pós-graduação,51,32.888790663382586,viúvo
3093,2391.3158550156522,médio incompleto,22,1.7869577571267636,solteiro
3094,2480.873294103644,médio incompleto,23,4.358959413969711,união estável formal
3095,2466.390434670117,médio completo,30,10.921522751276825,união estável informal
3096,4405.1465315612595,superior completo,59,23.365935026105245,solteiro
3097,2207.4511203548545,médio completo,30,10.748635080777406,casado
3098,2285.054059600967,médio incompleto,18,0.0,viúvo
3099,2086.0758075759054,médio incompleto,23,4.66478769385073,viúvo
3100,2145.7768401892754,fund. completo,40,6.61985370854521,solteiro
3101,3151.714899161828,pós-graduação,59,33.58292099331731,união estável informal
3102,4455.484260873763,pós-graduação,51,8.741076360800207,viúvo
3103,5306.297154700153,pós-graduação,67,13.41818198752252,solteiro
3104,4749.517776086891,pós-graduação,69,28.738295088837024,divorciado
3105,9730.539172420336,médio incompleto,19,0.8353871978351772,separado
3106,5491.415025404008,superior incompleto,28,7.199918685704776,união estável informal
3107,2742.7682427132067,médio completo,24,5.9342784059993186,viúvo
3108,2992.9693316655876,médio incompleto,34,3.5764113918050917,união estável informal
3109,4326.209806188896,fund. completo,25,2.5517083069050224,viúvo
3110,3921.5534703703233,superior incompleto,45,13.831838258369345,casado
3111,10740.380106148164,pós-graduação,56,37.99937131344585,união estável formal
3112,5593.558948420641,pós-graduação,61,42.683474183133235,casado
3113,2750.2506670861867,médio incompleto,38,4.593357131343718,separado
3114,5146.149053129187,pós-graduação,59,19.287178128160683,casado
3115,2515.957084880245,médio completo,36,7.094906395032781,separado
3116,7793.3241459224155,pós-graduação,69,47.622855884363474,união estável informal
3117,10070.62887645312,pós-graduação,60,41.292258046663754,união estável formal
3118,3149.1623769875027,superior incompleto,24,1.7602288707386597,casado
3119,4456.877312156412,médio incompleto,56,36.028694065941195,união estável formal
3120,3659.3811802669093,médio completo,52,33.092329108772844,viúvo
3121,7997.548495503188,pós-graduação,67,47.66555877322147,união estável informal
3122,3309.6783140442,superior incompleto,28,3.1286144107480074,divorciado
3123,8746.564413591175,médio completo,57,38.78399219960828,divorciado
3124,4557.617485986476,superior incompleto,58,16.88317053339521,união estável formal
3125,3979.2650138419667,pós-graduação,58,35.643227140453355,
3126,2234.7103697169377,fund. incompleto,45,26.519157728194994,viúvo
3127,2450.9179976078485,médio completo,48,24.017598235364773,divorciado
3128,3320.9386260653,médio incompleto,54,35.2182365690698,separado
3129,6462.404551728688,superior incompleto,52,29.358921179152585,divorciado
3130,3757.8298404799293,superior completo,43,19.222272592326643,divorciado
3131,4096.218040920656,fund. completo,45,21.649151276823844,divorciado
3132,6245.550694628731,pós-graduação,49,14.141809553490663,união estável formal
3133,3730.0212111090545,superior completo,66,36.62838225917271,viúvo
3134,5680.4087483417225,pós-graduação,61,42.53813158381853,união estável informal
3135,2856.7681073229537,fund. completo,21,2.9230665465529513,divorciado
3136,2073.4063170705035,fund. completo,18,0.0,viúvo
3137,3620.7935567799504,pós-graduação,55,20.141995902647846,união estável formal
3138,3304.674204095639,pós-graduação,57,10.170784905202112,viúvo
3139,4486.77413157,fund. incompleto,30,11.999822826406264,viúvo
3140,2168.4800290551157,fund. completo,38,0.3923175694427372,viúvo
3141,1823.3860578886338,fund. completo,29,9.694242346699673,viúvo
3142,2431.6534553342294,superior incompleto,30,,separado
3143,6881.870086099111,pós-graduação,68,40.96072749248022,união estável formal
3144,5806.013720602734,superior completo,45,24.39698577759715,solteiro
3145,10824.926351114953,fund. completo,65,46.99436092543713,união estável formal
3146,3016.1148467136795,superior completo,39,16.95279090441792,união estável informal
3147,3152.056262979684,médio incompleto,62,8.428614129703057,separado
3148,4457.84270053189,fund. completo,30,10.733086965716096,separado
3149,4660.721820534928,pós-graduação,65,46.43407758398872,divorciado
3150,1645.597069219172,fund. incompleto,35,11.865467736512821,casado
3151,9994.045973219276,fund. completo,57,38.252438330894186,união estável informal
3152,2813.867641357739,pós-graduação,49,7.23723459759776,união estável formal
3153,6925.680722042362,médio incompleto,65,41.89756401505627,casado
3154,4563.387907644841,superior completo,47,14.995508920105756,casado
3155,2413.407074297919,médio incompleto,19,0.9998813574089598,união estável informal
3156,3991.8364727704247,fund. completo,55,22.458647665945676,casado
3157,3978.3445036384037,médio incompleto,18,0.0,separado
3158,2375.2051652326286,fund. completo,41,22.762638604873864,união estável informal
3159,3009.1938347845958,médio completo,31,4.693474827704581,casado
3160,4375.247893552614,médio incompleto,26,7.984774615119419,solteiro
3161,5030.6011687133205,médio completo,38,19.488061487325446,casado
3162,5866.5011392639335,superior completo,36,17.088931614751324,divorciado
3163,1885.9386277946592,fund. completo,34,3.9424439278769885,solteiro
3164,5077.946169407186,fund. completo,31,12.962073255537643,solteiro
3165,4088.2210057689203,fund. completo,26,6.121513178491124,separado
3166,2719.9288489883543,fund. completo,24,5.9498758242027385,solteiro
3167,3187.838353999818,superior incompleto,45,26.34957729771416,separado
3168,4350.28697481531,pós-graduação,55,33.73819852762353,casado
3169,9679.520128058568,pós-graduação,53,29.264522377297272,viúvo
3170,3478.4539399655932,fund. completo,58,39.784248950883466,casado
3171,8764.045454597168,superior incompleto,44,20.508807304975026,união estável informal
3172,2687.735727932967,superior incompleto,48,23.282436531905056,casado
3173,16434.933232571577,médio completo,30,11.181780298745792,solteiro
3174,5398.110475326932,pós-graduação,63,44.63609722360073,solteiro
3175,2260.085264832184,superior completo,34,15.404234063602942,casado
3176,2774.9276188052827,superior completo,41,22.978328326529233,separado
3177,3525.505878418567,médio incompleto,68,29.338823404479232,união estável informal
3178,4454.098757777641,pós-graduação,60,41.999868825090886,viúvo
3179,5380.990281897175,superior incompleto,26,7.707798028099499,casado
3180,4282.065758947072,médio incompleto,34,3.36381585949559,divorciado
3181,2089.60799904413,fund. completo,36,17.88131098086722,divorciado
3182,4426.030462095279,superior incompleto,28,8.565208671947946,solteiro
3183,5710.083786419889,superior completo,33,14.950135606688633,separado
3184,2067.253558167598,fund. completo,56,5.443571861790699,casado
3185,2993.1629194488287,superior incompleto,42,10.739094294005179,união estável formal
3186,5488.140904548314,fund. incompleto,54,34.900043288424996,separado
3187,6026.497941783741,fund. incompleto,65,27.01714341127291,viúvo
3188,2835.0105720338624,médio incompleto,18,0.0,separado
3189,2544.0378793765485,médio completo,21,2.967330848003573,solteiro
3190,2771.374400336077,médio incompleto,44,25.936897504216716,divorciado
3191,7371.828975149972,médio completo,38,19.69032363652774,separado
3192,3504.6487813941426,pós-graduação,65,35.3041898044708,viúvo
3193,4595.317607475807,pós-graduação,65,6.092690527234662,divorciado
3194,5885.883738968173,médio incompleto,51,17.52723699092654,união estável informal
3195,3037.323973888252,superior completo,42,6.301384886124931,viúvo
3196,2279.1148204681663,fund. completo,36,17.86841557122748,casado
3197,3143.159170530663,superior incompleto,58,9.398800405462747,união estável informal
3198,4767.775110520613,médio completo,27,8.994534681123401,viúvo
3199,3144.437693557319,médio completo,26,1.2661432621221422,solteiro
3200,2133.896825598674,médio incompleto,25,6.980287279438591,união estável informal
3201,2993.588842240645,superior completo,46,26.676906062743342,união estável formal
3202,4990.12724872794,fund. incompleto,65,45.060673144893734,casado
3203,4279.469995766802,médio completo,59,39.5284973370218,união estável informal
3204,2236.2324762091844,fund. completo,37,11.405903771515927,divorciado
3205,1507.6393838946633,fund. incompleto,40,8.985086032548267,solteiro
3206,2938.3576128314025,fund. completo,21,2.4430356419262385,solteiro
3207,3287.6707415348446,superior incompleto,32,11.720261493300825,união estável formal
3208,2222.614821463585,médio completo,20,1.9643148236968604,casado
3209,3401.681916327723,médio completo,41,6.046474089760977,solteiro
3210,6775.9636461993705,superior incompleto,61,35.253594174277396,viúvo
3211,3603.1529217887887,médio completo,42,22.329962673314895,separado
3212,2904.4382893459815,pós-graduação,38,16.497093233509904,união estável formal
3213,4082.9571496383533,pós-graduação,53,34.96009735903539,solteiro
3214,6158.887214451259,médio incompleto,64,45.936347649397696,divorciado
3215,4207.577626554686,fund. completo,50,6.485322001962356,viúvo
3216,2740.8853433072054,fund. incompleto,52,33.645051324545264,casado
3217,3655.509982881246,médio completo,60,41.170728879030456,separado
3218,3334.2661965555117,médio completo,46,23.155040910658528,divorciado
3219,4117.701454451773,médio incompleto,55,,viúvo
3220,4238.488720453331,pós-graduação,54,29.821249309191888,solteiro
3221,6712.294282946183,superior completo,36,17.12162085699755,separado
3222,7512.535994821123,pós-graduação,60,39.205483453652704,solteiro
3223,4180.155431044216,superior incompleto,53,34.831664126786386,divorciado
3224,6471.716682036137,pós-graduação,57,34.21172982066906,viúvo
3225,6734.2037179894205,pós-graduação,53,32.35178049957615,separado
3226,5384.526652836498,médio completo,19,0.16919398648674167,casado
3227,3384.1447164492747,médio incompleto,47,28.93659932252602,união estável formal
3228,5619.442504259664,superior completo,38,15.331009303902967,casado
3229,2441.652476542426,médio completo,55,3.5926203173508418,separado
3230,3875.487711695604,fund. completo,53,34.96709681280339,união estável formal
3231,3098.6404669635167,pós-graduação,64,28.7504489615244,viúvo
3232,6466.9902882736615,pós-graduação,52,11.95529594274756,viúvo
3233,7272.310031585579,pós-graduação,45,26.009870510690167,separado
3234,6737.933811729935,superior completo,67,39.95591194044968,solteiro
3235,6156.209456616182,fund. completo,32,13.98991931183657,separado
3236,5415.1384439226895,fund. completo,60,40.3917336159268,viúvo
3237,3998.586820477166,médio completo,48,29.537792425965428,separado
3238,3389.9764091404318,superior incompleto,45,18.30768838979587,divorciado
3239,4623.33077014217,superior completo,69,50.991192557358104,viúvo
3240,4394.981314360067,fund. completo,22,3.54864427860471,solteiro
3241,1934.5745748877664,fund. completo,22,3.3204417533657486,viúvo
3242,8983.450694025116,superior incompleto,24,1.1542993122924932,divorciado
3243,2585.8140700135514,superior incompleto,59,8.95682139029984,viúvo
3244,4839.394131380903,superior incompleto,59,40.99998824976956,casado
3245,2177.800654705527,médio incompleto,21,2.411536886257315,união estável formal
3246,4409.417282888005,médio completo,57,36.50796258169867,solteiro
3247,5042.441863819266,fund. completo,62,37.21469348529374,união estável informal
3248,3559.9713543113626,médio incompleto,54,26.131737922794002,divorciado
3249,4708.412886844103,médio completo,45,,união estável formal
3250,2690.0663268260446,médio completo,31,7.267350483513578,solteiro
3251,1960.7206502690788,superior incompleto,62,9.679653218235156,casado
3252,1870.7353794903588,fund. completo,18,0.0,união estável formal
3253,1986.73547933611,superior incompleto,28,5.690445763947695,solteiro
3254,7195.982623063303,superior completo,47,24.816626664532844,solteiro
3255,3206.5039868275185,superior completo,32,12.400919402797824,viúvo
3256,3005.6718807899524,fund. incompleto,18,0.0,união estável informal
3257,2139.974829279678,médio incompleto,18,0.0,união estável formal
3258,2607.3325824892554,fund. incompleto,50,31.999943036950867,solteiro
3259,2583.991178124594,fund. completo,29,10.999404574410352,separado
3260,2888.103927387285,pós-graduação,47,25.84149118984635,união estável informal
3261,2175.5879186798575,médio completo,23,1.7486796109102625,separado
3262,1763.3107635571623,médio incompleto,23,4.950303718542805,casado
3263,3982.3356299093593,médio completo,48,29.91120802026866,divorciado
3264,2756.9918706250246,,36,3.3733795462876035,casado
3265,2892.9365390048906,médio incompleto,60,12.280146494102762,solteiro
3266,3566.3627758388716,médio completo,34,15.689688234850665,separado
3267,1968.625540540201,médio incompleto,35,6.913772971164533,união estável formal
3268,1870.0561445661367,médio incompleto,29,6.2280293020171795,separado
3269,1531.1660819776973,fund. incompleto,27,0.12386920004142077,união estável informal
3270,3670.5084348547302,médio completo,27,8.960754100273656,divorciado
3271,2053.631480963124,médio completo,44,7.210194501632408,separado
3272,8657.743695955021,fund. incompleto,30,11.997779981095116,separado
3273,3927.4714119465466,médio completo,18,0.0,união estável formal
3274,3507.32513499283,médio incompleto,57,27.31442060391824,viúvo
3275,3436.1162847714004,fund. completo,46,6.501455164709002,divorciado
3276,4967.518652411942,superior incompleto,31,12.846171646174312,separado
3277,3351.5700635523413,médio incompleto,41,22.88371446424977,união estável informal
3278,4139.811802457054,pós-graduação,66,41.50032709426475,união estável informal
3279,2350.55910019283,fund. incompleto,45,3.6623648287202375,viúvo
3280,4340.763475770093,superior incompleto,61,42.067486240864696,casado
3281,1437.535386917571,fund. incompleto,43,12.359415751015208,separado
3282,3591.302969656984,fund. completo,38,19.34499535125156,união estável formal
3283,6793.852520428762,médio incompleto,65,46.21955782692122,casado
3284,2373.7771474625274,superior completo,30,8.15805727678362,solteiro
3285,3619.96652164335,médio incompleto,42,12.983078138157195,separado
3286,3995.2530107227076,médio completo,23,4.99998885361367,viúvo
3287,3629.10697094067,médio completo,52,27.241867818231512,divorciado
3288,3948.7540553521167,superior incompleto,30,10.204326705296728,união estável formal
3289,7266.520023875115,pós-graduação,61,40.46871114923817,casado
3290,1708.795997631452,fund. incompleto,33,7.735136361008559,separado
3291,2491.5470804779093,fund. completo,39,20.053154449182312,solteiro
3292,2769.815272985128,fund. incompleto,54,30.20349141746357,viúvo
3293,12330.21717719848,fund. completo,67,45.162081619598105,solteiro
3294,3561.329883848821,médio incompleto,62,40.04235290973485,solteiro
3295,9034.863833116246,superior incompleto,30,10.625754347142255,união estável formal
3296,9419.455479050477,pós-graduação,66,47.81713685362784,casado
3297,6602.741458370126,médio incompleto,52,16.36522637517576,solteiro
3298,5152.217578018564,fund. completo,23,4.8773061552283,união estável formal
3299,6040.76167117749,superior completo,38,17.24750987307774,união estável formal
3300,3879.1976666050487,fund. completo,49,30.36878769596622,divorciado
3301,4300.016460135323,superior incompleto,52,12.428114379751555,viúvo
3302,3132.315633243479,fund. completo,41,9.768544342849363,solteiro
3303,3242.3746450179215,pós-graduação,37,2.6779707907817,viúvo
3304,4285.912238190083,médio completo,39,19.984994348887863,união estável informal
3305,3199.665195248108,pós-graduação,65,14.205530047975643,divorciado
3306,1932.8166177772996,fund. completo,24,2.1988543779121823,solteiro
3307,6943.301940118587,superior incompleto,22,3.2442965484135224,casado
3308,1771.5891476003196,fund. incompleto,27,8.97107482524294,união estável informal
3309,2016.7943694349963,fund. incompleto,42,15.620770476965541,união estável formal
3310,6946.077707686483,pós-graduação,65,7.363000682276731,divorciado
3311,3794.9685137337037,pós-graduação,50,14.401043026596625,divorciado
3312,1926.9009887179309,fund. completo,28,9.995517573298521,separado
3313,3581.2299629166937,médio incompleto,44,25.999702916162306,união estável formal
3314,4293.848674205926,médio completo,45,24.361013633707238,separado
3315,2693.7300534208653,superior completo,34,3.8228748902153544,divorciado
3316,3353.3796841810727,superior completo,52,21.184220543307273,casado
3317,2846.155920616416,superior completo,40,0.040526604592066695,solteiro
3318,4724.671469067082,pós-graduação,46,21.088361951562767,união estável informal
3319,1819.4365624119625,fund. completo,46,8.773356653163237,separado
3320,6616.868222042687,pós-graduação,67,22.763593979036322,casado
3321,7973.044917334548,superior completo,32,11.812497101381469,divorciado
3322,8065.645601146619,fund. completo,55,36.972619883478096,casado
3323,2473.664284411947,médio completo,43,24.94401233922465,separado
3324,2174.159614190415,médio completo,23,2.2884788009145436,casado
3325,2792.506337318433,médio completo,20,1.8992074165986472,divorciado
3326,4783.405438180795,fund. completo,53,27.339731384785264,separado
3327,3267.5566494831,médio incompleto,29,10.726942627928274,casado
3328,3082.7155018510643,pós-graduação,69,14.860932430157378,divorciado
3329,3360.099919371202,médio completo,31,3.008639923625055,separado
3330,3311.061383871978,pós-graduação,53,4.447969200637369,união estável informal
3331,3417.9119568082274,fund. completo,49,6.174425909408045,divorciado
3332,3602.774812460174,superior incompleto,48,24.6173282870281,união estável informal
3333,2099.5724449376276,médio incompleto,23,3.909816710678817,união estável formal
3334,6262.968493273592,pós-graduação,47,3.1620155344197918,viúvo
3335,3368.4780847002776,pós-graduação,45,25.60294577175194,união estável informal
3336,2994.9536768003354,fund. completo,19,0.7489550789385306,separado
3337,4177.062935408633,superior completo,58,36.59918068231471,
3338,2461.1076026383516,fund. incompleto,44,24.934926750901262,união estável formal
3339,2307.083529245188,superior completo,46,5.518500416923806,separado
3340,3779.341805265552,fund. incompleto,57,31.790990985988643,união estável formal
3341,4755.238503892916,superior completo,57,35.07607453373035,união estável informal
3342,6570.0831358376945,superior incompleto,51,32.99476640308067,viúvo
3343,5191.548747907,pós-graduação,59,40.84587232554089,união estável informal
3344,3734.3078895800736,médio incompleto,65,39.56858222505246,divorciado
3345,1677.5767918472766,superior incompleto,63,0.7226237970574423,separado
3346,5254.323626967205,pós-graduação,50,28.896681532891307,solteiro
3347,6806.595549323968,médio incompleto,22,3.022539085173409,separado
3348,2224.0679202909296,médio incompleto,18,0.0,casado
3349,6421.4540104765365,médio incompleto,29,2.4791247738645406,divorciado
3350,6038.371440565439,pós-graduação,69,48.49691050068636,separado
3351,4100.362532634403,pós-graduação,53,34.84676129306348,união estável formal
3352,8877.7529496545,fund. incompleto,22,0.3345765792952067,união estável informal
3353,5454.341873633463,pós-graduação,44,22.183939191402487,união estável informal
3354,3491.8804042817783,fund. completo,33,4.5751987543144725,união estável informal
3355,17588.752552117156,pós-graduação,67,47.69666500570165,separado
3356,7649.0737289195995,superior incompleto,46,27.980483979141823,viúvo
3357,2957.0739583458853,médio completo,60,13.533802180601047,separado
3358,2860.4739538689937,superior completo,34,14.84345308459314,união estável formal
3359,2308.2388649812024,médio completo,24,5.4868806420906475,viúvo
3360,2182.3078551120457,médio incompleto,49,1.5058526971290993,
3361,4072.281191834146,fund. completo,20,1.8633219754908328,separado
3362,3925.7536736972893,médio incompleto,35,13.790353938716697,união estável informal
3363,5322.685916984338,médio completo,68,29.960492103460034,união estável informal
3364,2868.0310306457436,fund. completo,19,0.9885792108648791,divorciado
3365,3863.964913910902,pós-graduação,50,31.37225570652021,união estável informal
3366,2980.4241548687155,pós-graduação,51,19.691185569501062,união estável informal
3367,4639.906242619489,pós-graduação,56,18.01804704513561,viúvo
3368,9358.12462762317,médio incompleto,22,3.967712844846044,solteiro
3369,3524.010769732712,pós-graduação,48,29.117131112553565,união estável informal
3370,1907.4230290226296,fund. completo,22,3.9999973465965946,viúvo
3371,2579.9212418924444,superior incompleto,33,14.145115969082122,união estável informal
3372,4241.500889723613,superior completo,39,5.634034832601392,separado
3373,6684.850347824881,superior completo,69,47.7030753014737,solteiro
3374,8939.293116875198,superior incompleto,56,21.383691937988317,divorciado
3375,3070.7703374231896,médio incompleto,28,9.998110087603223,divorciado
3376,4252.016130399561,fund. completo,34,12.748986876113173,divorciado
3377,5016.792215430179,fund. incompleto,20,0.2632588599975345,solteiro
3378,5105.550416655005,superior incompleto,64,2.1215254640028034,casado
3379,4939.832034264369,pós-graduação,64,37.098741168621494,união estável formal
3380,4861.2395590487595,pós-graduação,64,45.99986495111717,solteiro
3381,3361.482559037027,pós-graduação,50,13.040540016272587,união estável informal
3382,3764.44845701999,superior incompleto,57,23.532445470796326,divorciado
3383,3535.465692961537,fund. completo,41,22.99965419940306,divorciado
3384,2158.1876179561514,médio incompleto,19,0.5667829139390406,divorciado
3385,2081.0589140962898,fund. incompleto,54,22.591139331572972,divorciado
3386,8649.786295545662,médio completo,43,24.977469325293853,viúvo
3387,1553.2631350445636,fund. completo,26,6.765471769319802,divorciado
3388,15206.631815910003,pós-graduação,65,39.22821945856139,solteiro
3389,1608.1581329858216,fund. completo,45,7.652639684979487,divorciado
3390,4525.931675091073,fund. completo,18,0.0,divorciado
3391,10531.15746446845,médio completo,53,28.88113815405485,união estável formal
3392,3641.570196049999,pós-graduação,44,21.65188026849352,divorciado
3393,7467.124886247413,superior completo,65,40.41518874818671,união estável formal
3394,7985.5715496613275,superior incompleto,60,15.918147827931397,divorciado
3395,2459.084848003697,superior incompleto,40,3.3378130569842868,casado
3396,3710.9776255415477,médio incompleto,49,7.258186473347074,viúvo
3397,2079.031982563744,médio incompleto,19,0.9924182929503264,casado
3398,3393.9878993056523,médio incompleto,47,10.034820906259869,solteiro
3399,1605.6004219405972,fund. incompleto,21,2.903750673777142,viúvo
3400,2527.253651177683,médio completo,21,2.99999369156812,solteiro
3401,3156.3331298819903,médio completo,52,28.848137074826685,divorciado
3402,3943.3319478914723,médio incompleto,54,35.96983754403269,separado
3403,4726.935877807876,fund. incompleto,60,36.771760322756094,união estável informal
3404,4692.8822990936305,fund. incompleto,64,27.37666159785095,separado
3405,2319.12009450157,fund. completo,38,7.899741392347601,divorciado
3406,5406.238456142458,médio completo,59,39.62076458277103,união estável formal
3407,3168.481469705227,médio completo,23,2.0491219386604613,união estável formal
3408,2968.9707792397107,médio incompleto,42,23.995524853039612,união estável informal
3409,2354.9628548477926,superior incompleto,37,14.567029923184542,união estável informal
3410,4562.331185008333,superior completo,55,35.4194682195813,divorciado
3411,6494.179677911586,fund. completo,21,2.5042648580172724,separado
3412,4021.9494365639275,fund. completo,37,18.86562979940052,solteiro
3413,2438.688887379286,fund. incompleto,41,22.715626220982955,união estável informal
3414,3012.378336271055,superior incompleto,66,19.915863936477066,viúvo
3415,2412.434911030198,médio completo,48,14.778178728198073,casado
3416,1863.0757136554253,médio completo,48,11.293459471371033,viúvo
3417,5698.7314193212615,superior completo,43,22.26296244062585,solteiro
3418,4115.742702593455,fund. incompleto,25,4.967966214910448,casado
3419,4694.257547174706,fund. completo,60,37.95991286685981,solteiro
3420,2186.6398221078443,fund. completo,30,11.814463749320694,união estável formal
3421,3049.548640330483,médio incompleto,22,3.9999990477429934,separado
3422,5041.27706598705,pós-graduação,66,10.646523971633172,separado
3423,4442.500108817004,pós-graduação,45,17.853487527489744,casado
3424,3021.523055211109,fund. completo,30,6.265160927576104,união estável informal
3425,4413.302187634872,fund. completo,65,46.98086666610086,divorciado
3426,2360.943913219845,médio incompleto,28,3.1174409424915064,casado
3427,4559.884582221567,médio completo,61,42.864147996182304,separado
3428,4267.158306940211,pós-graduação,64,18.438423597360668,solteiro
3429,3895.2220471422847,fund. incompleto,28,5.527938262234702,solteiro
3430,3324.844619953822,médio incompleto,69,30.432431670983874,solteiro
3431,10821.000424758051,,61,29.045524691985058,divorciado
3432,2275.09529708217,fund. completo,24,5.950176143533468,união estável informal
3433,4021.6522694559726,médio incompleto,25,5.007667963946105,união estável informal
3434,2100.914664937966,médio incompleto,18,0.0,solteiro
3435,3606.5830965921236,pós-graduação,69,18.604413134838012,casado
3436,4508.019240224799,superior completo,52,33.72648465425747,casado
3437,6548.77608563223,superior completo,50,29.281440579679117,separado
3438,1517.8824958636544,fund. incompleto,41,5.892899021179517,casado
3439,1784.4915414956954,fund. incompleto,18,0.0,união estável informal
3440,2203.1703001501464,médio incompleto,25,6.999612176974122,união estável informal
3441,4144.84370735807,médio completo,48,26.502711927193808,viúvo
3442,3599.849267145938,superior completo,36,15.393168065814157,divorciado
3443,3313.8940991432464,pós-graduação,50,13.351185784010816,divorciado
3444,3840.920322707666,médio completo,20,1.5745220410673066,casado
3445,3755.6726130745524,fund. completo,56,37.989112624161244,solteiro
3446,3018.0316620642525,médio completo,30,11.112652151034924,divorciado
3447,3176.978357928767,fund. incompleto,18,0.0,união estável informal
3448,1862.3057684385628,médio completo,26,0.2837508776847937,separado
3449,3311.6872509148848,fund. incompleto,21,2.830018786599597,união estável formal
3450,2802.7200876302813,médio completo,31,0.5916530426328814,divorciado
3451,3166.0177324550305,fund. completo,44,21.701072554126696,casado
3452,4198.279335038894,médio incompleto,21,2.7007842809422,casado
3453,3500.708472655945,médio incompleto,56,35.275481677682535,viúvo
3454,1956.716780131222,fund. incompleto,24,4.833323145103426,solteiro
3455,5209.5499561608785,médio completo,24,5.527812155842275,divorciado
3456,3585.625750130232,médio completo,38,18.872171199195403,viúvo
3457,1961.3194840037586,médio incompleto,20,0.12814727744929888,casado
3458,1963.6400730349362,fund. incompleto,39,18.46054719860319,união estável informal
3459,3081.5684574787783,superior completo,65,24.679868095645524,viúvo
3460,5476.53030142312,fund. completo,64,40.02995777266434,divorciado
3461,3621.0104952788142,fund. completo,36,17.775429811019162,união estável formal
3462,2186.13974608108,superior incompleto,34,2.3525742080963514,solteiro
3463,3418.6624968200517,médio incompleto,61,13.565944528865353,união estável informal
3464,2879.416076526401,fund. completo,51,32.90564439260798,solteiro
3465,2310.3301411967605,fund. completo,60,12.889271716157914,solteiro
3466,1970.2846517191688,fund. completo,23,4.961765001318211,viúvo
3467,3650.4958492746628,pós-graduação,47,23.66850376518342,união estável formal
3468,2040.2272858552944,médio completo,33,,solteiro
3469,3700.9596043290194,superior completo,43,20.503070435168397,união estável informal
3470,3968.766569978192,médio incompleto,63,44.57348430376731,separado
3471,5502.077052622027,superior incompleto,42,23.553601786963668,separado
3472,9746.725952133344,pós-graduação,54,24.751673086923685,solteiro
3473,2347.7900670497547,médio incompleto,18,0.0,união estável formal
3474,2964.2808040909927,superior incompleto,31,10.306214105791035,união estável formal
3475,3169.9617115077726,fund. completo,30,11.73253134164164,união estável formal
3476,2993.6187536033003,superior incompleto,24,5.9609088716675265,união estável informal
3477,3438.161958833077,fund. completo,67,35.252716903116884,separado
3478,5359.196839587534,pós-graduação,67,48.409002265052656,solteiro
3479,2080.39417709961,fund. completo,21,2.987060542025092,solteiro
3480,7230.462280374716,fund. completo,50,31.927828091242453,união estável informal
3481,6874.531512842236,pós-graduação,69,30.430229597223025,casado
3482,3524.0296798514178,médio completo,67,31.320327455108362,solteiro
3483,3338.952647570552,médio incompleto,53,7.07623376219434,união estável formal
3484,1873.9504217459203,médio incompleto,31,12.766967090096887,união estável formal
3485,3384.632214660274,superior incompleto,29,8.747090572072478,separado
3486,2763.3022274219375,médio completo,35,3.778860207674658,casado
3487,4542.478022537539,fund. completo,22,3.955339382304735,casado
3488,5061.349848782811,pós-graduação,41,20.84817857551036,separado
3489,3606.474810876359,médio completo,65,4.656845619919188,solteiro
3490,3288.477543412756,médio completo,28,1.2933787373839467,viúvo
3491,3989.684305077639,médio incompleto,56,32.91208402072434,casado
3492,3719.0267250624274,pós-graduação,56,34.56788832115224,separado
3493,12932.265741069841,pós-graduação,66,7.51464679596579,casado
3494,4477.664667672932,superior completo,54,28.24510699571996,separado
3495,5160.82443263211,médio completo,47,28.56330386295693,casado
3496,3141.5835785166237,médio incompleto,43,21.53873637901463,união estável informal
3497,5018.531845110786,superior completo,53,28.43075912680021,solteiro
3498,10871.920809906773,médio completo,25,5.820755273836812,união estável formal
3499,1939.8855694136987,fund. incompleto,18,0.0,divorciado
3500,3449.8825773323088,médio incompleto,18,0.0,viúvo
3501,3432.43011074048,superior incompleto,26,2.767206988770278,casado
3502,3674.2221626363703,médio incompleto,21,2.9957480716329647,divorciado
3503,3073.068879117432,fund. completo,24,,viúvo
3504,3396.6350252974394,médio completo,55,36.87699330425246,união estável formal
3505,3471.1102551737645,médio completo,25,6.999571516547444,união estável informal
3506,6134.88288768971,superior incompleto,69,18.817128850896065,viúvo
3507,1796.64517591196,fund. incompleto,31,3.782526186786908,casado
3508,3121.497858981641,fund. completo,36,17.966859644588798,divorciado
3509,2143.6337402861395,médio incompleto,35,15.328300853390683,casado
3510,1793.4039529898275,fund. completo,21,2.8176478685028794,casado
3511,2762.813135281071,fund. completo,26,7.9839382861767145,solteiro
3512,9369.246391707838,pós-graduação,65,16.644941743802907,separado
3513,2676.575513801962,médio incompleto,61,15.259683036850472,viúvo
3514,3444.485735048708,fund. completo,21,1.7802903142590958,casado
3515,7881.532909836191,pós-graduação,62,43.796665907564474,divorciado
3516,2644.4320324275086,superior incompleto,29,10.79845343179728,separado
3517,4479.340794083476,médio incompleto,67,48.65153228150107,solteiro
3518,3195.1279388830353,superior incompleto,68,21.154802314611132,separado
3519,1868.391142302852,fund. completo,28,8.977471712248636,união estável formal
3520,4360.231226548541,fund. completo,61,42.8535759501502,viúvo
3521,3306.695443683221,médio completo,33,14.99998456762442,solteiro
3522,3154.567863075131,médio incompleto,45,26.41670398747388,divorciado
3523,4255.1267028259845,superior incompleto,56,2.8734821087635605,divorciado
3524,6309.918424971012,superior completo,53,34.99888603808026,separado
3525,2230.152327142408,médio completo,36,4.370709896912738,união estável informal
3526,12851.453540542898,pós-graduação,53,34.99319210321476,união estável formal
3527,2427.879644566817,fund. completo,39,14.633780751999065,união estável formal
3528,3037.7308763740293,pós-graduação,46,26.80261589062519,casado
3529,5727.172270948079,fund. incompleto,51,29.881292915852743,separado
3530,2313.6497960491542,fund. incompleto,43,24.729644714280102,solteiro
3531,3443.9704459360933,fund. incompleto,28,9.612050185178791,
3532,3292.0881786942878,médio incompleto,19,0.9707516719196361,união estável formal
3533,2630.5759129498288,médio completo,39,13.518740341606087,separado
3534,2192.6602146528535,fund. completo,43,8.466159725735773,separado
3535,4001.2713957380975,fund. completo,28,9.314230728647413,divorciado
3536,4002.4770633603084,superior completo,59,18.70500841605799,separado
3537,3996.4069893906935,superior completo,31,12.99997997356509,união estável formal
3538,3198.2672494219396,médio incompleto,69,26.074213890618857,divorciado
3539,2762.9495871450595,fund. completo,20,1.7090135209796287,divorciado
3540,2767.708313109079,fund. completo,36,7.568492357709937,união estável formal
3541,3896.1735252743915,médio completo,38,19.775089184248966,viúvo
3542,3231.436936645656,superior incompleto,25,6.625688428623171,viúvo
3543,2755.9470676766996,médio incompleto,58,26.414294900799256,união estável informal
3544,6158.496076722681,médio completo,39,,separado
3545,6144.307144979337,pós-graduação,55,32.950997791797676,união estável formal
3546,4073.03607601077,pós-graduação,64,18.111620396680802,união estável formal
3547,22004.933994424264,médio completo,37,15.867765354971088,viúvo
3548,4933.419618530794,superior incompleto,44,0.66726885555579,divorciado
3549,3700.3108144890643,médio completo,24,1.5569508989928142,divorciado
3550,1995.2298564506289,médio incompleto,18,0.0,união estável informal
3551,2266.217713640815,médio incompleto,26,1.021559514461174,divorciado
3552,2587.583603711896,médio incompleto,39,11.585752320951055,divorciado
3553,4066.0821556495684,médio incompleto,65,40.179397145981405,divorciado
3554,4474.591171849463,pós-graduação,55,0.9853262099034396,casado
3555,1612.5943218456764,fund. incompleto,21,1.9929653470654447,viúvo
3556,4754.0049853307955,médio completo,64,45.660974406300944,solteiro
3557,6827.880111463762,pós-graduação,58,39.9406808953266,viúvo
3558,3953.2515170216193,superior completo,59,,solteiro
3559,3221.885470028252,médio completo,46,16.859363121220508,solteiro
3560,4465.0943332843735,fund. completo,54,29.995890529750938,união estável informal
3561,3107.9385613239047,fund. completo,57,36.556948160354125,casado
3562,2052.2130547021375,médio incompleto,19,0.5637397069779837,união estável informal
3563,4861.8442745095745,superior completo,69,50.999313544154816,solteiro
3564,3917.9625347986016,médio completo,63,20.767097975864313,união estável informal
3565,1730.1606485786212,fund. completo,23,2.9052051850983407,união estável formal
3566,9826.169515215957,médio completo,45,26.842003415598302,viúvo
3567,6008.887830517037,superior completo,49,29.17489433201732,união estável informal
3568,4247.292641681037,superior completo,58,39.99787367415716,viúvo
3569,1837.134783293613,fund. incompleto,27,8.999985258758427,casado
3570,2121.9657230590074,fund. completo,25,0.07808255513147355,viúvo
3571,3321.109755413292,fund. completo,53,30.92758103978285,divorciado
3572,4044.892382881719,fund. incompleto,65,44.58001091364675,união estável formal
3573,3255.9331368768803,médio completo,23,4.962253065130344,casado
3574,3270.2532583657876,pós-graduação,59,19.436721139337884,separado
3575,2710.285772414862,médio completo,46,18.15726681913906,união estável informal
3576,6900.410582433012,pós-graduação,39,20.999999920856766,separado
3577,14650.49481518431,superior incompleto,29,5.954098027886106,viúvo
3578,2811.920478494473,médio completo,21,2.995843342725644,união estável formal
3579,9237.989086583266,médio incompleto,36,2.6337904686379066,união estável formal
3580,6190.436531256208,pós-graduação,53,33.71065913582952,união estável formal
3581,7194.000001390046,pós-graduação,64,41.77735736116662,divorciado
3582,6023.102067737187,médio completo,59,40.99999493349111,casado
3583,2193.09090265615,superior completo,35,7.4752997831997146,viúvo
3584,5639.776331403077,fund. incompleto,65,45.624496967380864,solteiro
3585,3490.5082246972756,superior incompleto,45,22.34805158554441,divorciado
3586,5661.8380025073,superior completo,65,9.608243551686538,casado
3587,2239.338319979736,fund. incompleto,27,8.965685925815315,união estável formal
3588,3492.8379992472896,superior completo,37,6.603299047585351,casado
3589,3523.987967167258,fund. completo,25,6.123745013557658,viúvo
3590,1650.3717851249473,fund. completo,25,1.4695939137759204,casado
3591,4504.931815190259,superior incompleto,55,16.4231062282712,união estável formal
3592,5256.37378694784,pós-graduação,61,39.26215832246237,viúvo
3593,7259.752978303601,superior completo,62,43.96928175354556,casado
3594,9973.984015132413,superior completo,64,45.99873331433742,casado
3595,2609.9329430365015,médio completo,64,15.264792077241262,casado
3596,2672.668500952041,médio incompleto,52,30.372588218704298,união estável informal
3597,12291.831664022953,superior incompleto,51,23.352397603707505,divorciado
3598,2106.853397475422,fund. completo,28,3.146912260395821,união estável informal
3599,2125.184304254247,fund. completo,23,4.85861217794317,viúvo
3600,2017.1895300827966,médio completo,46,7.8749291862042075,casado
3601,8428.332395663047,pós-graduação,64,45.999039954295114,casado
3602,5850.767574424033,pós-graduação,50,31.298095223112835,união estável informal
3603,4525.05716115477,superior completo,37,8.836417723864223,casado
3604,2198.1093234060895,superior incompleto,57,14.775870797593468,viúvo
3605,2392.2262330220847,superior completo,48,4.69596859120179,união estável informal
3606,3920.0950995623257,médio incompleto,49,30.137541812450912,união estável informal
3607,3387.318074523215,superior incompleto,65,24.675840324702506,divorciado
3608,2466.839107799604,pós-graduação,65,2.0656056396654114,solteiro
3609,2591.175629161282,fund. completo,19,0.853631805229879,união estável formal
3610,2764.3391696019726,fund. completo,50,31.484259924867086,viúvo
3611,4313.753225084228,superior incompleto,58,39.997634111549644,viúvo
3612,3030.599643678679,pós-graduação,67,27.519620022422707,união estável informal
3613,3613.8041138970702,fund. completo,63,44.87954998575146,viúvo
3614,4365.380326558728,fund. completo,64,43.33499830337505,viúvo
3615,2785.5666526338664,fund. completo,18,0.0,viúvo
3616,9838.695219606852,pós-graduação,55,34.31994784970407,separado
3617,3941.2268681575524,superior incompleto,39,5.38282623866103,união estável formal
3618,2600.3256240945825,fund. completo,40,20.29983253685476,união estável formal
3619,3730.282986636,superior incompleto,45,6.468949525419235,divorciado
3620,2297.018254273271,médio incompleto,23,2.387800927750976,união estável formal
3621,13402.352119129919,superior completo,63,43.92080384183119,viúvo
3622,4652.930832901721,pós-graduação,53,33.87354440931245,viúvo
3623,3211.2557129828638,fund. incompleto,63,42.72349275111341,viúvo
3624,3865.8519219188597,médio incompleto,53,27.22452073478316,separado
3625,6076.042420679179,pós-graduação,58,27.749310719453074,separado
3626,2840.532748160512,médio incompleto,21,0.24305508797462383,separado
3627,1640.4931885606863,fund. completo,46,5.730170539288261,viúvo
3628,2315.120260912302,médio incompleto,45,20.81492585192723,viúvo
3629,1418.4571715058219,fund. incompleto,27,8.999110263113693,união estável formal
3630,6010.348564095353,superior completo,61,36.02742561858327,casado
3631,10302.508660252408,médio completo,21,2.8027102322958894,união estável informal
3632,4004.4440422125467,superior completo,61,36.04769408929941,união estável formal
3633,2515.753104466242,médio completo,29,10.999286646369589,viúvo
3634,5527.903901566832,médio completo,69,0.6456384355083625,união estável formal
3635,2564.9608038341594,fund. completo,40,21.995934674279404,casado
3636,5167.379489723132,superior incompleto,60,41.148452589509446,união estável informal
3637,5967.22018345751,pós-graduação,60,41.98424243064584,separado
3638,1715.5507095612163,fund. incompleto,22,3.3431340747605467,divorciado
3639,5780.373171175447,superior incompleto,47,27.73714565627422,solteiro
3640,3721.672394685822,superior incompleto,62,41.67411721552637,união estável informal
3641,4648.8099877026,médio incompleto,20,1.0170360176272,casado
3642,4363.873727462531,pós-graduação,48,7.835622558219889,separado
3643,2182.8173871536505,médio incompleto,23,4.977253540508115,separado
3644,5107.598694414673,médio incompleto,65,45.97952404232144,casado
3645,2902.578129172152,médio incompleto,30,10.732298701332137,união estável formal
3646,3942.8997573596816,fund. completo,35,16.975547728986704,viúvo
3647,3574.943091284991,fund. incompleto,33,14.13370038518594,divorciado
3648,9598.677031717809,médio completo,59,39.86972408020713,separado
3649,3170.062666322536,superior incompleto,42,5.190789527497072,viúvo
3650,2602.973493150976,médio incompleto,39,20.835667007733647,divorciado
3651,4810.019017428583,pós-graduação,58,24.994594486813536,casado
3652,5594.468251073366,médio incompleto,21,2.9698117319051467,separado
3653,3785.3140872211648,pós-graduação,64,34.73400312058141,união estável formal
3654,6499.897342056172,pós-graduação,66,38.537858575388796,casado
3655,3854.272064476433,fund. incompleto,49,28.007618831571435,solteiro
3656,2278.0927336923196,médio completo,24,2.7290825415677737,divorciado
3657,6026.013573965345,pós-graduação,69,50.43658109238672,divorciado
3658,4724.124004979577,fund. incompleto,51,29.41215015193983,casado
3659,2253.6784793185043,pós-graduação,65,2.435784820508355,divorciado
3660,3399.2646969425837,médio completo,29,10.932296915899414,viúvo
3661,3999.9728795644605,médio incompleto,57,32.67169305851629,separado
3662,3145.3389404400805,médio completo,26,7.798551911911713,união estável informal
3663,2947.37482576499,médio incompleto,21,2.99430692430787,união estável informal
3664,2767.21776134885,médio incompleto,61,16.443876778004885,solteiro
3665,4594.4619861273295,pós-graduação,57,31.481624883570024,solteiro
3666,2913.9337299423805,médio incompleto,59,33.048752083360945,separado
3667,3283.5640906976178,superior incompleto,43,20.945572893854923,divorciado
3668,11254.04959944849,superior incompleto,63,44.71752736203614,solteiro
3669,3876.3892822200246,médio completo,24,4.8968163682357595,separado
3670,2558.7598901049328,fund. incompleto,25,6.994657063392681,união estável formal
3671,9393.18900569252,pós-graduação,58,27.275557631079003,viúvo
3672,2518.124209701958,fund. completo,47,,união estável formal
3673,2400.9938824031483,fund. completo,23,4.966162619501538,união estável formal
3674,4037.613456162968,superior completo,56,37.03218930965874,viúvo
3675,2581.532196960856,fund. completo,21,2.9348952578966454,união estável formal
3676,3042.181932863228,médio incompleto,25,3.250872209719545,união estável formal
3677,3773.5216096799313,fund. incompleto,68,48.80870609480355,casado
3678,3794.9516084508105,médio incompleto,61,42.98260508919498,divorciado
3679,6631.9562269659145,superior completo,41,22.992773584310385,união estável formal
3680,4488.771338041674,pós-graduação,42,23.919946388675086,casado
3681,5834.828269264182,médio incompleto,68,46.9373801442149,solteiro
3682,5639.294281641856,superior completo,47,28.77891080978998,viúvo
3683,3692.6593103675405,fund. incompleto,69,50.33793943221119,separado
3684,2203.3510527929357,fund. incompleto,35,16.89414046102383,divorciado
3685,4642.888568234599,superior incompleto,61,41.85362023547975,solteiro
3686,10028.178575746653,fund. completo,51,28.75357412286913,solteiro
3687,6080.827698225747,médio incompleto,66,4.008928215372027,viúvo
3688,3123.5371951272455,médio completo,32,7.045148574571535,divorciado
3689,4970.739818789245,pós-graduação,60,41.78433833620892,união estável informal
3690,3027.322538897274,pós-graduação,60,20.265300207569982,separado
3691,3836.4452293566815,médio incompleto,34,10.271172679216157,união estável informal
3692,13583.281169679707,pós-graduação,65,12.07048786715088,casado
3693,3599.4602253179287,médio completo,19,0.9178534928349262,separado
3694,2740.7391337295235,superior completo,60,14.618649186809009,divorciado
3695,1967.2895156860188,fund. completo,18,0.0,casado
3696,5321.255772669458,fund. completo,69,49.96127673540155,união estável informal
3697,2300.45629462191,fund. completo,33,14.111746272408261,união estável formal
3698,4670.699392853859,fund. incompleto,34,6.568171070575543,casado
3699,3667.4321050213734,médio incompleto,26,3.7843937105849497,viúvo
3700,9182.418433557646,pós-graduação,59,40.39330552034832,viúvo
3701,1979.315595486003,superior incompleto,38,8.302969853420667,viúvo
3702,3614.8143943866316,pós-graduação,61,6.624644376124661,separado
3703,2185.0402098160935,superior incompleto,43,8.092421749579174,união estável informal
3704,3662.718166528103,médio incompleto,18,0.0,casado
3705,3423.711335937135,fund. completo,67,41.23435617862355,união estável formal
3706,1999.3153023226905,fund. completo,57,15.388961908017615,união estável informal
3707,10658.89387678823,médio completo,20,1.2646442295416849,casado
3708,1879.573157352042,fund. completo,24,3.8606453600982986,união estável formal
3709,2047.4883516065916,fund. completo,21,2.930368638406726,casado
3710,2908.226306472625,pós-graduação,48,23.163680190099114,solteiro
3711,4608.679561358684,superior completo,31,12.99790007900396,separado
3712,4417.634773224261,superior incompleto,38,19.47525803469053,união estável informal
3713,2239.0874544350395,médio incompleto,29,10.908267124712891,solteiro
3714,5815.824453677361,médio completo,29,10.36236133261776,viúvo
3715,1544.003617247064,fund. incompleto,23,2.9883874148556746,solteiro
3716,5810.304127972364,fund. completo,66,47.151073475047596,viúvo
3717,3045.4286571368516,médio incompleto,34,15.908365100912537,união estável informal
3718,5255.49811401658,superior incompleto,31,5.238693605953794,união estável formal
3719,3969.6722530855886,fund. completo,26,1.8695443604831397,viúvo
3720,6501.350179952703,fund. incompleto,45,24.60116199039822,união estável formal
3721,11677.628665637962,fund. completo,24,5.912304770810416,divorciado
3722,4043.2425159397044,médio incompleto,62,43.292796010218794,divorciado
3723,3753.6454528050795,fund. incompleto,60,38.97244140934349,união estável formal
3724,3186.130249361609,fund. completo,22,1.9331808888873203,divorciado
3725,4380.320187971371,médio completo,58,32.91945372721948,divorciado
3726,3842.440540462241,pós-graduação,59,33.1101335220451,união estável formal
3727,4949.786442319972,fund. incompleto,33,0.9616074857007073,divorciado
3728,2255.281531162541,fund. completo,18,0.0,viúvo
3729,4368.377920697392,médio completo,57,34.81994330673583,casado
3730,8379.596708955683,superior completo,55,32.92336291735658,divorciado
3731,7715.824625150417,médio completo,24,4.97995497979958,viúvo
3732,4637.451194396172,fund. completo,69,50.75843474752978,casado
3733,3691.554116546021,pós-graduação,47,28.860215896103764,divorciado
3734,4441.162411213248,pós-graduação,65,43.62984686635948,união estável formal
3735,4118.925002913838,fund. incompleto,43,19.430388629630922,separado
3736,1993.119136730431,superior incompleto,30,11.666834729969304,viúvo
3737,1736.071808710286,médio incompleto,18,0.0,união estável formal
3738,2492.3863182954583,pós-graduação,68,1.9602195014433055,viúvo
3739,5180.326038374665,superior incompleto,67,48.99861915320365,viúvo
3740,4563.500439001123,superior completo,46,25.16896867567944,união estável formal
3741,6008.648169609608,fund. completo,25,6.254974598214896,união estável formal
3742,1790.1727922940065,fund. completo,19,0.6689041746028914,divorciado
3743,6024.10928144195,médio completo,62,43.168129158462236,união estável informal
3744,3879.6961325840166,superior completo,66,23.430075841256432,viúvo
3745,9578.628292406585,pós-graduação,68,46.776098657343915,casado
3746,2004.1279500861765,médio completo,25,6.993967544898071,casado
3747,3634.033626049796,pós-graduação,58,29.99523827396186,divorciado
3748,3348.1002670045377,médio completo,44,25.999521979249415,união estável informal
3749,6879.582947873111,pós-graduação,58,25.26812692336283,união estável informal
3750,4512.5071952522485,fund. completo,66,47.99991411264006,viúvo
3751,6476.702115337233,médio incompleto,64,36.228507995721124,união estável formal
3752,4618.357543126225,superior incompleto,40,7.468329107403475,divorciado
3753,5226.478351497216,fund. completo,32,9.23068015014072,divorciado
3754,2927.501364647694,fund. completo,49,23.45545576164561,divorciado
3755,2716.312944905355,superior completo,39,19.30940168995977,casado
3756,4471.112203946998,fund. incompleto,25,6.734004803608141,divorciado
3757,5289.521610757083,pós-graduação,54,34.17211917299518,casado
3758,4288.668615059735,superior completo,34,15.15607165255865,viúvo
3759,8464.951089471157,médio completo,24,5.107326263695773,solteiro
3760,10508.189179480505,pós-graduação,60,41.87633086307,casado
3761,6764.362385012672,fund. completo,38,6.282930631937669,união estável formal
3762,5355.12528656278,pós-graduação,56,28.683612523465563,divorciado
3763,3218.4967301200804,fund. incompleto,22,3.79001243597938,casado
3764,2694.4689659505393,médio completo,34,0.8387186326019709,união estável formal
3765,7532.343612655081,médio completo,52,11.415195108601369,união estável formal
3766,7901.46278861033,pós-graduação,65,36.4980647818729,separado
3767,3767.011613367473,fund. incompleto,65,44.585391925939064,solteiro
3768,2706.98951886227,médio incompleto,32,13.29605539734769,solteiro
3769,5840.749612243683,superior completo,65,46.986048954917244,união estável informal
3770,3806.57807084881,fund. completo,57,37.432793927487886,casado
3771,2269.607104690225,médio incompleto,33,14.777554772110074,separado
3772,3000.165452162682,pós-graduação,42,18.591181047245428,viúvo
3773,2730.2234848808466,médio incompleto,32,8.770967653264853,união estável informal
3774,2021.7844455491295,fund. completo,28,9.74994090691095,viúvo
3775,4724.0230734854795,médio incompleto,22,3.3483868502004386,viúvo
3776,1801.819244178035,fund. incompleto,38,10.248171930072075,separado
3777,4869.468588487701,médio completo,59,30.155894912445625,viúvo
3778,3581.0048696896874,pós-graduação,58,23.54925548671765,separado
3779,4887.446691457329,médio completo,29,10.885912428693644,união estável informal
3780,2771.5728655734606,fund. incompleto,47,21.57286121164166,união estável informal
3781,1863.0384735645457,médio incompleto,21,,união estável informal
3782,4333.2130677035075,médio incompleto,62,43.45939366923435,separado
3783,4626.598619835499,pós-graduação,44,25.482893920822143,separado
3784,6255.113829292123,superior completo,45,25.670536587806527,união estável formal
3785,3403.2797737714272,fund. incompleto,20,1.7911050762964105,união estável informal
3786,4283.802061792198,fund. completo,20,1.9758996661896766,união estável formal
3787,2324.7357660558655,médio completo,41,22.01418352386525,divorciado
3788,3016.9994608687075,médio incompleto,63,12.576594967030317,união estável formal
3789,9879.0865871204,superior completo,46,27.931679090224545,união estável informal
3790,4617.551866937429,superior completo,36,17.819295794127836,união estável formal
3791,4547.56736032683,fund. incompleto,65,46.989492314133955,casado
3792,3258.0200895262988,fund. incompleto,19,0.6437784023934032,casado
3793,6980.314466732671,fund. completo,22,3.4064761582761975,união estável informal
3794,6252.415981693648,pós-graduação,54,32.15835041202422,separado
3795,4738.841337353563,,35,16.99930705479105,união estável informal
3796,1986.892132468614,fund. completo,42,2.6771184970706434,viúvo
3797,2472.072246367048,fund. completo,43,9.965576798157262,solteiro
3798,9418.926327142755,pós-graduação,61,19.258711204626653,casado
3799,2638.8487679033396,superior incompleto,30,3.954941840563183,solteiro
3800,5423.555509159868,superior completo,52,18.04913780884543,solteiro
3801,4757.831716054269,médio completo,39,20.943067705510828,solteiro
3802,4692.5896823326375,pós-graduação,68,4.155391508156847,solteiro
3803,1826.8247634098216,fund. completo,27,1.6736044446205365,separado
3804,3266.1223169729064,superior completo,54,23.85843802656047,união estável informal
3805,4668.931032708573,pós-graduação,61,41.92930777997604,união estável formal
3806,4857.849923054054,superior completo,59,40.999999943758986,união estável informal
3807,2724.3998683683462,fund. completo,24,5.31183998806968,divorciado
3808,2348.8491234037438,superior completo,35,13.422584310498033,separado
3809,4663.057271188181,pós-graduação,49,0.5563748288162573,casado
3810,10013.613243598144,superior completo,68,49.882593442461676,separado
3811,12003.100950013959,pós-graduação,65,46.967066977220476,viúvo
3812,11820.270612000539,pós-graduação,62,40.59078002362909,divorciado
3813,2268.443820545088,médio incompleto,24,3.4590559004241483,viúvo
3814,5036.031558934009,pós-graduação,68,48.03358023404966,casado
3815,12197.373775877975,superior incompleto,34,11.350537255444507,viúvo
3816,2918.5039887757302,médio completo,48,8.890941598612986,solteiro
3817,3593.060267240201,fund. completo,46,14.028478148666196,viúvo
3818,2553.284136933413,médio completo,29,10.988464917657424,divorciado
3819,3969.863561281889,superior incompleto,50,29.159632162738838,separado
3820,6105.134262471688,superior incompleto,56,37.99791607296563,união estável formal
3821,2180.7204551040663,fund. incompleto,43,24.880102854358796,solteiro
3822,8209.868577669891,pós-graduação,56,20.60364289944214,união estável formal
3823,3210.0681387750915,superior incompleto,47,28.846981862300346,união estável formal
3824,2946.4030961768785,fund. completo,20,1.6509947623851566,viúvo
3825,3263.182875084668,superior completo,37,14.5809046710947,união estável formal
3826,3522.960798022403,fund. completo,30,11.953883238554582,separado
3827,5428.630301617273,fund. completo,36,4.218942745163801,viúvo
3828,3177.567351485632,médio incompleto,18,0.0,união estável informal
3829,4771.91076052671,médio completo,59,9.153410263451903,separado
3830,3323.635812286151,médio incompleto,40,21.967577802224724,solteiro
3831,2040.1945725692187,fund. completo,35,4.571026236563965,separado
3832,4552.162171814305,superior incompleto,60,39.908747264110055,união estável informal
3833,2810.6435672426937,médio completo,22,2.0290361167260436,casado
3834,4103.032878492491,médio completo,22,3.754905122409435,solteiro
3835,2305.731232406127,superior incompleto,36,10.906467827104164,união estável formal
3836,2608.741482382669,médio completo,23,1.9033922447963731,separado
3837,3161.256909040401,fund. incompleto,32,11.969071433550996,divorciado
3838,2524.536106246347,superior incompleto,28,9.349675047249134,união estável informal
3839,5199.758839317714,superior incompleto,68,46.92709585488359,separado
3840,4955.2891445244,fund. completo,47,28.99474397205105,união estável informal
3841,5091.346283318008,superior completo,37,18.999938209511424,união estável formal
3842,2837.888057004182,pós-graduação,52,20.02200983211524,separado
3843,2195.9197759043623,médio completo,21,2.784960069490608,viúvo
3844,4450.884376645853,médio incompleto,26,7.972405595693026,união estável formal
3845,4738.067077334269,superior completo,44,8.78802005434,viúvo
3846,3311.382853884335,médio completo,36,13.330522466904581,separado
3847,3768.054641913144,médio incompleto,22,3.5726528068050025,solteiro
3848,3613.55710413986,superior incompleto,25,6.681545111802112,casado
3849,4532.874114783644,pós-graduação,60,40.279129334753634,divorciado
3850,3267.5451862381406,superior incompleto,47,27.51408201325357,separado
3851,7758.963671536942,médio completo,53,10.611554546356956,união estável formal
3852,2335.2978123246976,fund. completo,33,14.185957102213154,divorciado
3853,4567.56121820796,fund. completo,64,45.999668458043395,viúvo
3854,5768.3108573473955,médio completo,63,44.86299999689211,separado
3855,5738.653929767934,médio incompleto,21,2.8755102943612743,união estável informal
3856,3746.8491322544673,fund. completo,21,2.9861895793495674,solteiro
3857,1884.8692770091432,fund. completo,24,2.65557541156058,divorciado
3858,2163.5879426382503,fund. incompleto,20,0.007600686690905967,solteiro
3859,4245.637665774626,pós-graduação,55,35.61937132552047,separado
3860,3465.414013166191,médio incompleto,42,21.258823757830655,união estável informal
3861,2826.799419624069,médio incompleto,53,34.996220920130554,solteiro
3862,2133.254597529107,fund. completo,21,2.977938265091573,união estável informal
3863,2067.0063585935422,médio completo,25,6.915870426997438,casado
3864,3900.6592258213473,superior incompleto,45,25.429198034549348,casado
3865,12812.695402223437,pós-graduação,68,21.779343269330486,divorciado
3866,6979.105202653134,médio incompleto,20,1.8727566430355018,separado
3867,5822.723355574243,superior completo,66,28.436378231356535,viúvo
3868,2323.443051011283,médio completo,25,5.9661570063399605,divorciado
3869,2532.7125646830746,médio completo,28,7.077088036290792,casado
3870,5103.422343581298,pós-graduação,63,44.6547844739021,casado
3871,5220.625876578359,pós-graduação,66,47.9971937078863,solteiro
3872,3944.133721879498,médio completo,23,4.924955055282835,viúvo
3873,6786.153209056266,pós-graduação,58,39.95850249382026,solteiro
3874,2859.0977983379444,superior incompleto,40,14.367381487444547,união estável formal
3875,6334.746093936383,médio completo,61,35.069116947827126,casado
3876,2811.397816348605,fund. completo,19,0.5000228267511895,viúvo
3877,2165.0990464563747,médio incompleto,24,5.608473744594393,união estável informal
3878,9442.975682887734,superior incompleto,46,27.505071994407313,solteiro
3879,2412.073192824445,fund. incompleto,23,1.808158768007826,casado
3880,3907.9122142074925,pós-graduação,58,32.765173095899605,casado
3881,1813.8857882518596,fund. completo,28,8.942440944918793,separado
3882,1611.8158886341223,fund. incompleto,25,2.0428311789898896,separado
3883,3886.9802002377487,fund. completo,47,27.779792209783345,solteiro
3884,4046.5797048985182,superior completo,54,33.538721001801676,viúvo
3885,2872.925534181053,médio completo,36,17.692868927737532,união estável formal
3886,5845.082013910985,pós-graduação,65,46.89015394793681,solteiro
3887,5998.615416522802,fund. incompleto,20,1.6278644372264677,solteiro
3888,4856.214997565981,pós-graduação,59,8.933862455444588,viúvo
3889,3367.281526840182,superior completo,47,21.079818060570116,separado
3890,2959.4915724105585,médio incompleto,50,22.637748266662967,solteiro
3891,3819.3999533284787,pós-graduação,67,18.004301955119967,separado
3892,2589.2305518673647,superior completo,43,16.420550674514473,casado
3893,3226.4165542461724,fund. completo,54,34.08724386664565,casado
3894,3320.476156954226,médio incompleto,37,9.150195175428848,viúvo
3895,3517.9484279676076,superior completo,50,31.93899191233259,divorciado
3896,4697.314955730468,médio completo,45,9.130207861643983,solteiro
3897,3929.153238215587,superior completo,44,22.56845443742099,solteiro
3898,2722.6865787325287,superior incompleto,46,23.446872293662732,casado
3899,3668.320683062982,pós-graduação,63,9.652424975502132,solteiro
3900,2132.31740541712,fund. completo,41,15.682223110581685,divorciado
3901,2726.5600636552304,superior incompleto,36,17.9914025910311,separado
3902,2888.033948006585,médio incompleto,23,4.919118803892471,solteiro
3903,9592.91782178651,médio incompleto,19,0.6409285629146199,união estável formal
3904,3149.805716764105,médio incompleto,39,20.983042460464954,divorciado
3905,4848.493816598122,médio incompleto,52,33.393429904187116,união estável formal
3906,1601.0342941695594,fund. completo,19,0.981665604657156,solteiro
3907,2690.3615452958834,médio completo,47,18.72075177743546,separado
3908,6221.9607078513955,médio incompleto,63,44.99380916039055,solteiro
3909,8382.952609810069,fund. completo,52,32.60406568650141,separado
3910,12013.173219101624,superior completo,32,12.914832201686409,viúvo
3911,7391.030255135346,superior incompleto,60,41.983463896845905,união estável formal
3912,11639.003123390685,superior completo,48,27.110255447360725,solteiro
3913,9383.048011054383,médio incompleto,27,7.649402001045314,união estável formal
3914,2907.591231635893,superior incompleto,45,2.2953920388677003,separado
3915,3138.957581628135,médio incompleto,25,2.334331423918988,casado
3916,2228.062027009113,médio completo,30,2.3304814485986807,separado
3917,7046.486378749187,superior completo,47,28.424550793959774,união estável informal
3918,7608.446993043444,superior completo,54,35.878093153966596,divorciado
3919,6110.119294360388,pós-graduação,56,28.108760452533392,viúvo
3920,6040.930071973546,fund. completo,46,27.77083722671335,casado
3921,3920.673233286505,fund. completo,67,39.11537189553676,viúvo
3922,1747.5424141254061,médio incompleto,39,20.842544766795594,divorciado
3923,2965.5693950520877,médio completo,41,22.993641544576622,viúvo
3924,4317.4998530483645,médio incompleto,55,33.65249857299147,viúvo
3925,4253.4262042893815,superior incompleto,38,14.843886506296656,solteiro
3926,3918.9538729658166,médio completo,31,12.98915593512889,casado
3927,4451.738163831255,pós-graduação,63,37.52463344466002,união estável informal
3928,4232.759777294737,pós-graduação,58,36.665644257611575,viúvo
3929,4255.129557316337,fund. completo,68,49.16856965179029,separado
3930,6721.906859077242,pós-graduação,59,40.791817679426494,solteiro
3931,1957.096832365005,fund. completo,19,0.9871334782820046,união estável formal
3932,3180.3460380351326,fund. completo,26,2.2336238776211683,solteiro
3933,7793.902782506889,superior completo,57,38.99873750635012,viúvo
3934,5138.593996379335,médio completo,62,43.85884642537165,união estável informal
3935,6328.883418977295,médio incompleto,27,7.747842443025498,divorciado
3936,15271.50532700108,pós-graduação,67,33.41262347172944,união estável informal
3937,6738.214402449677,médio completo,35,15.825600157890364,viúvo
3938,4437.5406203914645,fund. incompleto,67,48.3195896356779,viúvo
3939,3844.845816005227,médio incompleto,43,24.48377064440211,separado
3940,3823.4937422828316,superior completo,41,16.701140705838665,união estável formal
3941,3956.815869034015,médio completo,58,25.507304850127337,união estável informal
3942,3976.439924417627,superior completo,69,4.412544440316367,união estável informal
3943,2341.9960791957596,médio incompleto,28,6.518176369424715,viúvo
3944,3243.850316392364,fund. completo,44,24.047236346437714,solteiro
3945,3350.6410949242977,fund. completo,31,12.807554599202732,viúvo
3946,3832.4848056832607,superior completo,49,26.262567531229017,solteiro
3947,7612.350725374261,superior incompleto,39,12.94538381076445,união estável informal
3948,8171.439035830919,pós-graduação,51,32.94769774265322,viúvo
3949,4366.452312572473,superior incompleto,63,44.99037243663347,viúvo
3950,2452.7177161778977,médio incompleto,19,0.9887367388713951,união estável formal
3951,3677.8548198955955,médio completo,50,29.641907352160015,divorciado
3952,4099.035558938112,superior incompleto,61,30.23012603979281,viúvo
3953,2103.906879470417,médio completo,24,5.999995413232153,solteiro
3954,4038.5203001459236,superior incompleto,52,28.689050473085384,união estável informal
3955,6125.237920106434,pós-graduação,48,29.261689598401798,solteiro
3956,4434.211596970123,pós-graduação,64,44.2703726249259,casado
3957,2571.834136177035,fund. completo,44,23.885884290953364,união estável informal
3958,4858.806828968749,fund. completo,56,34.30063395185263,união estável formal
3959,5459.835645803723,pós-graduação,54,33.665094975536064,união estável formal
3960,3943.0953434048215,médio incompleto,35,16.988653024745275,solteiro
3961,8041.262843175573,pós-graduação,66,47.806531763567435,união estável informal
3962,6634.485998462855,médio incompleto,30,10.55897542329629,divorciado
3963,5664.714556562402,médio incompleto,65,44.28520055031409,viúvo
3964,6135.244708792146,fund. completo,57,0.3846322537679824,separado
3965,3671.5729297174003,médio incompleto,66,26.118885803212706,casado
3966,3766.0432100808657,pós-graduação,66,38.495823903964926,casado
3967,3567.7140071089457,superior incompleto,43,20.889549034321618,união estável formal
3968,1700.1212599974187,fund. completo,18,0.0,viúvo
3969,5477.720667773212,fund. incompleto,56,26.22304985470632,casado
3970,2138.544028204582,médio incompleto,48,24.57676780132826,união estável informal
3971,3838.073079089766,médio completo,59,35.37035724682424,separado
3972,2991.9722906763654,pós-graduação,65,25.83879957047326,solteiro
3973,5695.71120599664,pós-graduação,54,18.718883051476382,separado
3974,3665.226621860319,médio incompleto,56,37.613362362496396,viúvo
3975,5290.034511673704,médio incompleto,46,27.823721057220983,solteiro
3976,3926.6619025849186,pós-graduação,60,29.943461090733066,solteiro
3977,3266.43498167152,superior incompleto,41,22.167405397102524,união estável informal
3978,5116.549313812974,médio completo,33,13.589110813430526,união estável informal
3979,6727.956625379549,fund. completo,56,37.99667901429165,união estável formal
3980,5191.312605600596,médio incompleto,56,35.12514054532895,divorciado
3981,1727.0806210475898,fund. incompleto,40,3.6191122522320827,separado
3982,3857.821427674226,pós-graduação,66,32.39086586031743,união estável informal
3983,3606.8154401076613,médio completo,25,3.148812525585166,divorciado
3984,3697.3403035332108,pós-graduação,55,27.856884036806633,divorciado
3985,3968.9862812091505,fund. completo,68,39.98435261118452,união estável formal
3986,2872.1721501109064,médio completo,20,0.16982318378828376,união estável informal
3987,5548.735259947169,superior incompleto,31,11.473240650878576,separado
3988,5290.518898143455,pós-graduação,38,10.127908370803805,casado
3989,6728.943925046443,pós-graduação,64,45.42995438403351,união estável formal
3990,3619.916776201265,médio incompleto,47,28.969260133527243,solteiro
3991,4500.940908538233,médio incompleto,50,31.809218020553445,casado
3992,4266.640722769402,superior incompleto,37,18.237938593150584,separado
3993,4761.028830320142,pós-graduação,62,39.69811469829396,união estável informal
3994,5434.587064708595,pós-graduação,62,13.045409516630547,união estável formal
3995,3276.3433394390627,médio incompleto,40,17.42107264192971,separado
3996,4051.424627121808,médio completo,40,16.16198364166401,divorciado
3997,8681.989438266317,médio completo,62,41.49006530306333,viúvo
3998,12063.575990538691,superior completo,55,25.890695919863234,casado
3999,3806.7126060320834,pós-graduação,52,31.756134201042418,separado
